poll_id,pollster_id,pollster,sponsor_ids,sponsors,display_name,pollster_rating_id,pollster_rating_name,fte_grade,methodology,state,start_date,end_date,sponsor_candidate_id,sponsor_candidate,sponsor_candidate_party,question_id,sample_size,population,subpopulation,population_full,tracking,created_at,notes,url,source,internal,partisan,politician_id,politician,yes,no,alternate_answers
82872,320,Monmouth U.,,,Monmouth University,215,Monmouth University,A,Live Phone,,5/18/23,5/23/23,,,,173507,981,a,,a,,5/24/23 11:20,,https://www.monmouth.edu/polling-institute/reports/monmouthpoll_us_052423/,,FALSE,,6826,Kamala Harris,37,52,11
82872,320,Monmouth U.,,,Monmouth University,215,Monmouth University,A,Live Phone,,5/18/23,5/23/23,,,,173508,907,rv,,rv,,5/24/23 11:20,,https://www.monmouth.edu/polling-institute/reports/monmouthpoll_us_052423/,,FALSE,,6826,Kamala Harris,37,53,10
82849,1562,Redfield & Wilton Strategies,,,Redfield & Wilton Strategies,562,Redfield & Wilton Strategies,B/C,Online,,5/17/23,5/17/23,,,,173329,1500,rv,,rv,,5/19/23 14:26,,https://redfieldandwiltonstrategies.com/joe-biden-administration-approval-ratings-and-hypothetical-voting-intention-17-may-2023/,,FALSE,,6826,Kamala Harris,36,44,21
82782,1575,Leger,"14,361,783",The Canadian Press | The Association for Canadian Studies,Leger,572,Leger,B/C,Online,,5/5/23,5/8/23,,,,173107,1002,a,,a,,5/10/23 20:16,,https://leger360.com/surveys/joe-biden-and-kamala-harris-approval-ratings-may-10-2023/,,FALSE,,6826,Kamala Harris,39,59,3
82786,568,YouGov,1213,Yahoo News,YouGov,391,YouGov,B+,Online,,5/5/23,5/8/23,,,,173055,1584,a,,a,,5/10/23 9:47,,https://news.yahoo.com/new-yahoo-news-poll-shows-biden-still-leads-trump-for-2024-100012891.html,,FALSE,,6826,Kamala Harris,40,46,14
82786,568,YouGov,1213,Yahoo News,YouGov,391,YouGov,B+,Online,,5/5/23,5/8/23,,,,173056,1059,rv,,rv,,5/10/23 9:47,,https://news.yahoo.com/new-yahoo-news-poll-shows-biden-still-leads-trump-for-2024-100012891.html,,FALSE,,6826,Kamala Harris,43,49,8
82727,568,YouGov,352,Economist,YouGov,391,YouGov,B+,Online,,4/29/23,5/2/23,,,,172651,1500,a,,a,,5/3/23 9:55,,https://docs.cdn.yougov.com/cxqrokhwtq/econtoplines.pdf,,FALSE,,6826,Kamala Harris,41,44,15
82727,568,YouGov,352,Economist,YouGov,391,YouGov,B+,Online,,4/29/23,5/2/23,,,,172652,1357,rv,,rv,,5/3/23 9:55,,https://docs.cdn.yougov.com/qsy7ekuxik/econTabReport.pdf,,FALSE,,6826,Kamala Harris,41,49,9
82701,1562,Redfield & Wilton Strategies,,,Redfield & Wilton Strategies,562,Redfield & Wilton Strategies,B/C,Online,,4/24/23,4/24/23,,,,172525,1500,rv,,rv,,4/28/23 15:56,,https://redfieldandwiltonstrategies.com/joe-biden-administration-approval-ratings-and-hypothetical-voting-intention-24-april-2023/,,FALSE,,6826,Kamala Harris,39,47,15
82672,568,YouGov,133,CBS News,YouGov,391,YouGov,B+,Online,,4/21/23,4/24/23,,,,172371,2093,a,,a,,4/26/23 9:41,,https://www.cbsnews.com/news/democrats-biden-reelection-bid-acceptance-more-than-excitement-poll-2023-04-24/,,FALSE,,6826,Kamala Harris,43,57,0
82682,1575,Leger,1783,The Association for Canadian Studies,Leger,572,Leger,B/C,Online,,4/21/23,4/24/23,,,,172370,1005,a,,a,,4/26/23 9:40,,https://leger360.com/surveys/joe-biden-and-kamala-harris-approval-ratings-april-25-2023/,,FALSE,,6826,Kamala Harris,42,56,1
82687,1597,Beacon Research/Shaw & Company,149,FOX News,Beacon Research/Shaw & Company Research,103,Beacon Research/Shaw & Co. Research,A,Live Phone,,4/21/23,4/24/23,,,,172436,1004,rv,,rv,,4/26/23 19:30,,https://www.foxnews.com/official-polls/fox-news-poll-trump-still-top-2024-republican-preference-desantis-slipping,,FALSE,,6826,Kamala Harris,43,54,3
82630,1575,Leger,1783,The Association for Canadian Studies,Leger,572,Leger,B/C,Online,,4/14/23,4/15/23,,,,172065,1001,a,,a,,4/19/23 10:35,,https://leger360.com/surveys/joe-biden-and-kamala-harris-approval-ratings-april-18-2023/,,FALSE,,6826,Kamala Harris,41,56,3
82557,1562,Redfield & Wilton Strategies,,,Redfield & Wilton Strategies,562,Redfield & Wilton Strategies,B/C,Online,,4/4/23,4/4/23,,,,171783,1500,rv,,rv,,4/7/23 12:05,,https://redfieldandwiltonstrategies.com/joe-biden-administration-approval-ratings-and-hypothetical-voting-intention-4-april-2023/,,FALSE,,6826,Kamala Harris,35,44,21
82549,1575,Leger,1783,The Association for Canadian Studies,Leger,572,Leger,B/C,Online,,3/31/23,4/2/23,,,,171747,1006,a,,a,,4/6/23 18:15,,https://legermarketing.wpenginepowered.com/wp-content/uploads/2023/04/Legers-North-American-Tracker-Apr-3rd-2023.pdf,,FALSE,,6826,Kamala Harris,44,53,3
82512,1709,Big Village,,,Big Village,37,Big Village,B-,Online,,3/29/23,3/31/23,,,,171582,1005,a,,a,,4/3/23 11:48,,https://big-village.com/public-opinion-polling/,,FALSE,,6826,Kamala Harris,42,46.3,11.7
82450,1562,Redfield & Wilton Strategies,,,Redfield & Wilton Strategies,562,Redfield & Wilton Strategies,B/C,Online,,3/20/23,3/20/23,,,,171135,1500,rv,,rv,,3/24/23 13:26,,https://redfieldandwiltonstrategies.com/joe-biden-administration-approval-ratings-and-hypothetical-voting-intention-20-march-2023/,,FALSE,,6826,Kamala Harris,37,43,20
82419,320,Monmouth U.,,,Monmouth University,215,Monmouth University,A,Live Phone,,3/16/23,3/20/23,,,,170881,805,a,,a,,3/21/23 14:49,,https://www.monmouth.edu/polling-institute/reports/MonmouthPoll_US_032123/,,FALSE,,6826,Kamala Harris,36,53,12
82419,320,Monmouth U.,,,Monmouth University,215,Monmouth University,A,Live Phone,,3/16/23,3/20/23,,,,170884,748,rv,,rv,,3/21/23 14:55,,https://www.monmouth.edu/polling-institute/reports/MonmouthPoll_US_032123/,,FALSE,,6826,Kamala Harris,37,53,10
82502,1575,Leger,"14,361,783",The Canadian Press | The Association for Canadian Studies,Leger,572,Leger,B/C,Online,,3/17/23,3/19/23,,,,171548,1006,a,,a,,4/1/23 15:27,,https://leger360.com/surveys/joe-biden-and-kamala-harris-approval-ratings-march-29-2023/,,FALSE,,6826,Kamala Harris,43,54,3
82418,1709,Big Village,,,Big Village,37,Big Village,B-,Online,,3/15/23,3/17/23,,,,170875,1007,a,,a,,3/21/23 9:26,,https://big-village.com/public-opinion-polling/,,FALSE,,6826,Kamala Harris,42,45.5,12.5
82401,1575,Leger,"14,361,783",The Canadian Press | The Association for Canadian Studies,Leger,572,Leger,B/C,Online,,3/10/23,3/12/23,,,,170808,1007,a,,a,,3/17/23 9:56,,https://leger360.com/surveys/legers-north-american-tracker-march-16-2023/,,FALSE,,6826,Kamala Harris,42,56,3
82350,1575,Leger,"14,361,783",The Canadian Press | The Association for Canadian Studies,Leger,572,Leger,B/C,Online,,3/3/23,3/5/23,,,,170591,1004,a,,a,,3/9/23 10:53,,https://leger360.com/surveys/joe-biden-and-kamala-harris-approval-ratings-march-8-2023/,,FALSE,,6826,Kamala Harris,43,53,4
82237,1562,Redfield & Wilton Strategies,,,Redfield & Wilton Strategies,562,Redfield & Wilton Strategies,B/C,Online,,2/19/23,2/19/23,,,,169173,1500,rv,,rv,,2/22/23 15:11,,https://redfieldandwiltonstrategies.com/joe-biden-administration-approval-ratings-and-hypothetical-voting-intention-19-february-2023/,,FALSE,,6826,Kamala Harris,38,40,22
82260,1575,Leger,"14,361,783",The Canadian Press | The Association for Canadian Studies,Leger,572,Leger,B/C,Online,,2/17/23,2/19/23,,,,169342,1002,a,,a,,2/24/23 17:10,,https://leger360.com/surveys/joe-biden-and-kamala-harris-approval-ratings-february-24-2023/,,FALSE,,6826,Kamala Harris,41,56,3
82217,1709,Big Village,,,Big Village,37,Big Village,B-,Online,,2/15/23,2/17/23,,,,169073,1010,a,,a,,2/17/23 15:13,,https://big-village.com/public-opinion-polling/,,FALSE,,6826,Kamala Harris,42,46.6,11.4
82249,1575,Leger,"14,361,783",The Canadian Press | The Association for Canadian Studies,Leger,572,Leger,B/C,Online,,2/10/23,2/13/23,,,,169210,1000,a,,a,,2/23/23 9:47,,https://leger360.com/surveys/legers-north-american-tracker-february-15-2023/,,FALSE,,6826,Kamala Harris,42,55,3
82168,1575,Leger,1783,The Association for Canadian Studies,Leger,572,Leger,B/C,Online,,2/3/23,2/5/23,,,,168731,1001,a,,a,,2/10/23 16:21,,https://leger360.com/surveys/joe-biden-and-kamala-harris-approval-ratings-february-6-2023/,,FALSE,,6826,Kamala Harris,42,55,3
82095,1597,Beacon Research/Shaw & Company,149,FOX News,Beacon Research/Shaw & Company Research,103,Beacon Research/Shaw & Co. Research,A,Live Phone,,1/27/23,1/30/23,,,,167890,1003,rv,,rv,,2/1/23 19:07,,https://www.foxnews.com/official-polls/fox-news-poll-state-union-dysfunction-dissatisfaction-disapproval,,FALSE,,6826,Kamala Harris,39,57,4
82105,1562,Redfield & Wilton Strategies,,,Redfield & Wilton Strategies,562,Redfield & Wilton Strategies,B/C,Online,,1/28/23,1/29/23,,,,167913,1500,rv,,rv,,2/3/23 13:29,,https://redfieldandwiltonstrategies.com/joe-biden-administration-approval-ratings-and-hypothetical-voting-intention-28-29-january-2023/,,FALSE,,6826,Kamala Harris,38,41,21
82066,1575,Leger,"14,361,783",The Canadian Press | The Association for Canadian Studies,Leger,572,Leger,B/C,Online,,1/20/23,1/22/23,,,,167690,1005,a,,a,,1/27/23 9:35,,https://leger360.com/surveys/legers-north-american-tracker-january-26-2023/,,FALSE,,6826,Kamala Harris,40,57,3
82017,1709,Big Village,,,Big Village,37,Big Village,B-,Online,,1/18/23,1/20/23,,,,169074,1012,a,,a,,2/17/23 15:24,,https://s3.amazonaws.com/cdn.big-village.com/big-village/2023/01/Big-Village-Politics-Poll-01.20.23.pdf,,FALSE,,6826,Kamala Harris,41.7,46.3,12
82012,1562,Redfield & Wilton Strategies,,,Redfield & Wilton Strategies,562,Redfield & Wilton Strategies,B/C,Online,,1/16/23,1/16/23,,,,167286,2000,rv,,rv,,1/20/23 9:19,,https://redfieldandwiltonstrategies.com/joe-biden-administration-approval-ratings-and-hypothetical-voting-intention-16-january-2023/,,FALSE,,6826,Kamala Harris,35,42,23
81984,1575,Leger,1783,The Association for Canadian Studies,Leger,572,Leger,B/C,Online,,1/6/23,1/9/23,,,,167124,1000,a,,a,,1/17/23 10:10,,https://leger360.com/surveys/joe-biden-and-kamala-harris-approval-ratings-january-12-2023/,,FALSE,,6826,Kamala Harris,41,56,4
81963,1709,Big Village,,,Big Village,37,Big Village,B-,Online,,1/4/23,1/6/23,,,,169075,1012,a,,a,,2/17/23 15:24,,https://s3.amazonaws.com/cdn.big-village.com/big-village/2023/01/CRMiw4ue-Big-Village-Politics-Poll-01.06.23.pdf,,FALSE,,6826,Kamala Harris,43.1,45.5,11.4
81879,1709,Big Village,,,Big Village,37,Big Village,B-,Online,,12/16/22,12/18/22,,,,169076,1003,a,,a,,2/17/23 15:24,,https://s3.amazonaws.com/cdn.big-village.com/big-village/2022/12/Big-Village-Politics-Poll-12.18.22.pdf,,FALSE,,6826,Kamala Harris,41.3,45.4,13.3
81772,1562,Redfield & Wilton Strategies,,,Redfield & Wilton Strategies,562,Redfield & Wilton Strategies,B/C,Online,,12/5/22,12/5/22,,,,166060,1500,rv,,rv,,12/7/22 12:14,,https://redfieldandwiltonstrategies.com/joe-biden-administration-approval-ratings-and-hypothetical-voting-intention-5-december-2022/,,FALSE,,6826,Kamala Harris,38,44,18
81765,1709,Big Village,,,Big Village,37,Big Village,B-,Online,,11/30/22,12/2/22,,,,165985,1005,a,,a,,12/6/22 17:14,,https://s3.amazonaws.com/cdn.big-village.com/big-village/2022/12/Big-Village-Politics-Poll-12.02.22.pdf,,FALSE,,6826,Kamala Harris,42.2,45.4,12.4
81767,1575,Leger,1783,The Association for Canadian Studies,Leger,572,Leger,B/C,Online,,11/25/22,11/27/22,,,,165997,1003,a,,a,,12/7/22 8:08,,https://leger360.com/surveys/joe-biden-and-kamala-harris-approval-ratings-december-6-2022/,,FALSE,,6826,Kamala Harris,43,55,2
81688,1562,Redfield & Wilton Strategies,,,Redfield & Wilton Strategies,562,Redfield & Wilton Strategies,B/C,Online,,11/17/22,11/17/22,,,,165555,1500,rv,,rv,,11/18/22 12:08,,https://redfieldandwiltonstrategies.com/joe-biden-administration-approval-ratings-and-hypothetical-voting-intention-17-november-2022/,,FALSE,,6826,Kamala Harris,37,43,20
81663,1575,Leger,"14,361,783",The Canadian Press | The Association for Canadian Studies,Leger,572,Leger,B/C,Online,,11/11/22,11/13/22,,,,165434,1007,a,,a,,11/15/22 8:20,,https://leger360.com/surveys/legers-north-american-tracker-november-15-2022/,,FALSE,,6826,Kamala Harris,41,57,2
81527,1562,Redfield & Wilton Strategies,,,Redfield & Wilton Strategies,562,Redfield & Wilton Strategies,B/C,Online,,11/2/22,11/2/22,,,,165012,1500,rv,,rv,,11/4/22 13:05,,https://redfieldandwiltonstrategies.com/joe-biden-administration-approval-ratings-and-hypothetical-voting-intention-2-november-2022/,,FALSE,,6826,Kamala Harris,37,45,18
81515,1575,Leger,1783,The Association for Canadian Studies,Leger,572,Leger,B/C,Online,,10/28/22,10/30/22,,,,164954,1005,a,,a,,11/4/22 9:32,,https://leger360.com/surveys/joe-biden-and-kamala-harris-approval-ratings-november-3-2022/,,FALSE,,6826,Kamala Harris,41,57,2
81067,1562,Redfield & Wilton Strategies,,,Redfield & Wilton Strategies,562,Redfield & Wilton Strategies,B/C,Online,,10/12/22,10/12/22,,,,163331,1500,rv,,rv,,10/14/22 12:16,,https://redfieldandwiltonstrategies.com/joe-biden-administration-approval-ratings-and-hypothetical-voting-intention-12-october-2022/,,FALSE,,6826,Kamala Harris,37,43,21
80944,1562,Redfield & Wilton Strategies,,,Redfield & Wilton Strategies,562,Redfield & Wilton Strategies,B/C,Online,,10/2/22,10/3/22,,,,162897,1500,rv,,rv,,10/5/22 13:17,,https://redfieldandwiltonstrategies.com/joe-biden-administration-approval-ratings-and-hypothetical-voting-intention-2-3-october-2022/,,FALSE,,6826,Kamala Harris,35,44,22
80974,1575,Leger,1783,The Association for Canadian Studies,Leger,572,Leger,B/C,Online,,9/30/22,10/2/22,,,,163008,1002,a,,a,,10/7/22 19:29,,https://leger360.com/surveys/joe-biden-and-kamala-harris-approval-ratings-october-7-2022/,,FALSE,,6826,Kamala Harris,39,59,2
80811,1575,Leger,1783,The Association for Canadian Studies,Leger,572,Leger,B/C,Online,,9/16/22,9/18/22,,,,162451,1010,a,,a,,9/26/22 13:16,,https://leger360.com/surveys/joe-biden-and-kamala-harris-approval-ratings-september-26-2022/,,FALSE,,6826,Kamala Harris,41,57,2
80668,1562,Redfield & Wilton Strategies,,,Redfield & Wilton Strategies,562,Redfield & Wilton Strategies,B/C,Online,,9/14/22,9/15/22,,,,161473,1500,rv,,rv,,9/16/22 13:45,,https://redfieldandwiltonstrategies.com/joe-biden-administration-approval-ratings-and-hypothetical-voting-intention-14-15-september-2022/,,FALSE,,6826,Kamala Harris,35,40,25
79977,1575,Leger,1783,The Association for Canadian Studies,Leger,572,Leger,B/C,Online,,9/2/22,9/4/22,,,,160367,1011,a,,a,,9/7/22 13:53,,https://leger360.com/surveys/joe-biden-and-kamala-harris-approval-ratings-september-6-2022/,,FALSE,,6826,Kamala Harris,40,58,3
79924,1562,Redfield & Wilton Strategies,,,Redfield & Wilton Strategies,562,Redfield & Wilton Strategies,B/C,Online,,8/28/22,8/28/22,,,,160230,1500,rv,,rv,,9/2/22 12:13,,https://redfieldandwiltonstrategies.com/joe-biden-administration-approval-ratings-and-hypothetical-voting-intention-28-august-2022/,,FALSE,,6826,Kamala Harris,34,45,22
79794,1562,Redfield & Wilton Strategies,,,Redfield & Wilton Strategies,562,Redfield & Wilton Strategies,B/C,Online,,8/17/22,8/17/22,,,,159727,1500,rv,,rv,,8/19/22 12:25,,https://redfieldandwiltonstrategies.com/joe-biden-administration-approval-ratings-and-hypothetical-voting-intention-17-august-2022/,,FALSE,,6826,Kamala Harris,35,43,22
79674,1575,Leger,"14,361,783",The Canadian Press | The Association for Canadian Studies,Leger,572,Leger,B/C,Online,,8/5/22,8/7/22,,,,159510,1002,a,,a,,8/12/22 9:52,,https://projects.fivethirtyeight.com/polls/20220812_US_Leger.pdf,,FALSE,,6826,Kamala Harris,39,59,2
79820,573,Zogby,,,Zogby Analytics,395,Zogby Analytics,B-,Online,,8/4/22,8/6/22,,,,159811,891,lv,,lv,,8/23/22 14:21,"question wording: ""Overall, do you approve or disapprove of Kamala Harris' job as Vice President?""",https://zogbyanalytics.com/news/1165-new-zogby-polling-data-pres-vice-pres-job-approvals,,FALSE,,6826,Kamala Harris,43.8,51.7,4.5
79820,573,Zogby,,,Zogby Analytics,395,Zogby Analytics,B-,Online,,8/4/22,8/6/22,,,,159812,891,lv,,lv,,8/23/22 14:21,"question wording: ""Do you approve or disapprove of the way Kamala Harris is handling her job as Vice President?""",https://zogbyanalytics.com/news/1165-new-zogby-polling-data-pres-vice-pres-job-approvals,,FALSE,,6826,Kamala Harris,39.6,51.4,9
79593,1562,Redfield & Wilton Strategies,,,Redfield & Wilton Strategies,562,Redfield & Wilton Strategies,B/C,Online,,7/28/22,7/28/22,,,,159098,1500,rv,,rv,,8/2/22 12:37,,https://redfieldandwiltonstrategies.com/joe-biden-administration-approval-ratings-and-hypothetical-voting-intention-29-july-2022/,,FALSE,,6826,Kamala Harris,33,40,26
79510,1575,Leger,1783,The Association for Canadian Studies,Leger,572,Leger,B/C,Online,,7/23/22,7/24/22,,,,158895,1005,a,,a,,7/28/22 15:29,,https://leger360.com/surveys/joe-biden-and-kamala-harris-approval-ratings-july-28-2022/,,FALSE,,6826,Kamala Harris,40,58,2
79390,1597,Beacon Research/Shaw & Company,149,FOX News,Beacon Research/Shaw & Company Research,103,Beacon Research/Shaw & Co. Research,A,Live Phone,,7/10/22,7/13/22,,,,158055,1001,rv,,rv,,7/17/22 12:44,,https://www.foxnews.com/official-polls/fox-news-poll-voters-say-economy-bad-expect-get-worse,,FALSE,,6826,Kamala Harris,39,58,3
79381,1575,Leger,1783,The Association for Canadian Studies,Leger,572,Leger,B/C,Online,,7/8/22,7/10/22,,,,157981,1002,a,,a,,7/14/22 14:35,,https://leger360.com/surveys/joe-biden-and-kamala-harris-approval-ratings-july-14-2022/,,FALSE,,6826,Kamala Harris,39,59,2
79385,1562,Redfield & Wilton Strategies,,,Redfield & Wilton Strategies,562,Redfield & Wilton Strategies,B/C,Online,,7/9/22,7/9/22,,,,158028,1500,rv,,rv,,7/15/22 12:24,,https://redfieldandwiltonstrategies.com/joe-biden-administration-approval-ratings-and-hypothetical-voting-intention-9-july-2022/,,FALSE,,6826,Kamala Harris,34,43,24
79299,1575,Leger,1783,The Association for Canadian Studies,Leger,572,Leger,B/C,Online,,6/24/22,6/26/22,,,,157644,1006,a,,a,,7/5/22 11:33,,https://leger360.com/surveys/joe-biden-and-kamala-harris-approval-ratings-july-4-2022/,,FALSE,,6826,Kamala Harris,40,58,2
79185,1562,Redfield & Wilton Strategies,,,Redfield & Wilton Strategies,562,Redfield & Wilton Strategies,B/C,Online,,6/15/22,6/15/22,,,,156746,1500,rv,,rv,,6/17/22 12:34,,https://redfieldandwiltonstrategies.com/joe-biden-administration-approval-ratings-and-hypothetical-voting-intention-15-june-2022/,,FALSE,,6826,Kamala Harris,32,39,29
79164,1575,Leger,1783,The Association for Canadian Studies,Leger,572,Leger,B/C,Online,,6/10/22,6/12/22,,,,156601,1006,a,,a,,6/15/22 9:43,,https://leger360.com/surveys/joe-biden-and-kamala-harris-approval-ratings-june-15-2022/,,FALSE,,6826,Kamala Harris,39,59,3
79079,1562,Redfield & Wilton Strategies,,,Redfield & Wilton Strategies,562,Redfield & Wilton Strategies,B/C,Online,,5/30/22,5/30/22,,,,156141,1500,rv,,rv,,6/3/22 12:33,,https://redfieldandwiltonstrategies.com/joe-biden-administration-approval-ratings-and-hypothetical-voting-intention-30-may-2022/,,FALSE,,6826,Kamala Harris,37,41,21
79074,1575,Leger,1783,The Association for Canadian Studies,Leger,572,Leger,B/C,Online,,5/28/22,5/29/22,,,,156120,1005,a,,a,,6/3/22 8:52,,https://leger360.com/surveys/joe-biden-and-kamala-harris-approval-ratings-june-2-2022/,,FALSE,,6826,Kamala Harris,40,58,2
78993,1562,Redfield & Wilton Strategies,,,Redfield & Wilton Strategies,562,Redfield & Wilton Strategies,B/C,Online,,5/17/22,5/17/22,,,,155689,1500,rv,,rv,,5/20/22 12:57,,https://redfieldandwiltonstrategies.com/joe-biden-administration-approval-ratings-and-hypothetical-voting-intention-17-may-2022/,,FALSE,,6826,Kamala Harris,37,45,18
78970,1575,Leger,1783,The Association for Canadian Studies,Leger,572,Leger,B/C,Online,,5/13/22,5/15/22,,,,155524,1000,a,,a,,5/17/22 13:42,,https://leger360.com/surveys/joe-biden-and-kamala-harris-approval-ratings-may-17-2022/,,FALSE,,6826,Kamala Harris,41,57,2
78899,1562,Redfield & Wilton Strategies,,,Redfield & Wilton Strategies,562,Redfield & Wilton Strategies,B/C,Online,,5/1/22,5/1/22,,,,155296,1500,rv,,rv,,5/5/22 12:24,,https://redfieldandwiltonstrategies.com/joe-biden-administration-approval-ratings-and-hypothetical-voting-intention-1-may-2022/,,FALSE,,6826,Kamala Harris,36,43,21
78868,1575,Leger,1783,The Association for Canadian Studies,Leger,572,Leger,B/C,Online,,4/29/22,5/1/22,,,,155163,1005,a,,a,,5/2/22 20:06,,https://leger360.com/surveys/joe-biden-and-kamala-harris-approval-ratings-may-2-2022/,,FALSE,,6826,Kamala Harris,40,58,2
78870,1597,Beacon Research/Shaw & Company,149,FOX News,Beacon Research/Shaw & Company Research,103,Beacon Research/Shaw & Co. Research,A,Live Phone,,4/28/22,5/1/22,,,,155178,1003,rv,,rv,,5/3/22 20:03,,https://www.foxnews.com/official-polls/05-03-22-fox-news-poll-voters-are-most-worried-about-inflation-and-the-countrys-future,,FALSE,,6826,Kamala Harris,41,53,5
78798,1250,Trafalgar Group,,,Trafalgar Group,338,Trafalgar Group,B,IVR/Online/Text/Live Phone,,4/18/22,4/20/22,,,,154785,1077,lv,,lv,,4/21/22 13:25,,https://www.thetrafalgargroup.org/news/nat-survey-biden-approval-0422/,,FALSE,REP,6826,Kamala Harris,28.5,62.6,8.9
78797,1562,Redfield & Wilton Strategies,,,Redfield & Wilton Strategies,562,Redfield & Wilton Strategies,B/C,Online,,4/18/22,4/18/22,,,,154765,1500,rv,,rv,,4/21/22 13:17,,https://redfieldandwiltonstrategies.com/wp-content/uploads/2022/03/Joe-Biden-Administration-Approval-Ratings-and-Hypothetical-Voting-Intention-08.03.2022.xlsx,,FALSE,,6826,Kamala Harris,36,46,19
78754,568,YouGov,352,Economist,YouGov,391,YouGov,B+,Online,,4/9/22,4/12/22,,,,154632,1500,a,,a,,4/13/22 15:39,,https://docs.cdn.yougov.com/3gmmhwtyj0/econToplines.pdf,,FALSE,,6826,Kamala Harris,39,48,14
78754,568,YouGov,352,Economist,YouGov,391,YouGov,B+,Online,,4/9/22,4/12/22,,,,154633,1303,rv,,rv,,4/13/22 15:39,,https://docs.cdn.yougov.com/v29gmo3oqg/econTabReport%20%282%29.pdf,,FALSE,,6826,Kamala Harris,41,49,10
78726,1562,Redfield & Wilton Strategies,,,Redfield & Wilton Strategies,562,Redfield & Wilton Strategies,B/C,Online,,4/3/22,4/3/22,,,,154490,1500,rv,,rv,,4/7/22 13:03,,https://redfieldandwiltonstrategies.com/joe-biden-administration-approval-ratings-and-hypothetical-voting-intention-3-april-2022/,,FALSE,,6826,Kamala Harris,37,43,20
78664,1562,Redfield & Wilton Strategies,,,Redfield & Wilton Strategies,562,Redfield & Wilton Strategies,B/C,Online,,3/20/22,3/20/22,,,,154136,1500,rv,,rv,,3/24/22 13:14,,https://redfieldandwiltonstrategies.com/joe-biden-administration-approval-ratings-and-hypothetical-voting-intention-20-march-2022/,,FALSE,,6826,Kamala Harris,37,43,21
78665,1575,Leger,1783,The Association for Canadian Studies,Leger,572,Leger,B/C,Online,,3/18/22,3/20/22,,,,154148,1000,a,,a,,3/24/22 18:28,,https://leger360.com/surveys/joe-biden-and-kamala-harris-approval-ratings-march-24-2022/,,FALSE,,6826,Kamala Harris,42,56,2
78680,1027,Saint Leo U.,,,Saint Leo University,299,Saint Leo University Polling Institute,C/D,Online,,2/28/22,3/12/22,,,,154206,1000,a,,a,,3/29/22 11:21,,https://projects.fivethirtyeight.com/polls/20220329_US_StLeo.pdf,,FALSE,,6826,Kamala Harris,40.3,51.9,7.8
78561,1562,Redfield & Wilton Strategies,,,Redfield & Wilton Strategies,562,Redfield & Wilton Strategies,B/C,Online,,3/8/22,3/8/22,,,,153546,1500,rv,,rv,,3/10/22 21:45,,https://redfieldandwiltonstrategies.com/joe-biden-administration-approval-ratings-and-hypothetical-voting-intention-8-march-2022/,,FALSE,,6826,Kamala Harris,34,43,23
78545,1575,Leger,1783,The Association for Canadian Studies,Leger,572,Leger,B/C,Online,,3/4/22,3/6/22,,,,153495,1003,a,,a,,3/8/22 17:15,,https://projects.fivethirtyeight.com/polls/20220308_US_Leger.pdf,,FALSE,,6826,Kamala Harris,44,54,3
78490,1562,Redfield & Wilton Strategies,,,Redfield & Wilton Strategies,562,Redfield & Wilton Strategies,B/C,Online,,2/23/22,2/23/22,,,,152894,1500,rv,,rv,,2/24/22 12:42,,https://redfieldandwiltonstrategies.com/joe-biden-administration-approval-ratings-and-hypothetical-voting-intention-23-february-2022/,,FALSE,,6826,Kamala Harris,37,42,22
78493,1597,Beacon Research/Shaw & Company,149,FOX News,Beacon Research/Shaw & Company Research,103,Beacon Research/Shaw & Co. Research,A,Live Phone,,2/19/22,2/22/22,,,,152955,1001,rv,,rv,,2/24/22 21:55,,https://www.foxnews.com/official-polls/fox-news-poll-president-biden-not-tough-russia,,FALSE,,6826,Kamala Harris,40,56,4
78425,1562,Redfield & Wilton Strategies,,,Redfield & Wilton Strategies,562,Redfield & Wilton Strategies,B/C,Online,,2/6/22,2/6/22,,,,152589,1500,rv,,rv,,2/10/22 12:43,,https://redfieldandwiltonstrategies.com/joe-biden-administration-approval-ratings-and-hypothetical-voting-intention-6-february-2022/,,FALSE,,6826,Kamala Harris,36,43,21
78405,1575,Leger,"14,361,783",The Canadian Press | The Association for Canadian Studies,Leger,572,Leger,B/C,Online,,2/4/22,2/6/22,,,,152459,1005,a,,a,,2/8/22 9:20,,https://leger360.com/surveys/legers-north-american-tracker-february-8-2022/,,FALSE,,6826,Kamala Harris,40,57,3
78360,573,Zogby,,,Zogby Analytics,395,Zogby Analytics,B-,Online,,1/21/22,1/24/22,,,,152262,897,lv,,lv,,1/28/22 14:10,,https://zogbyanalytics.com/news/1118-the-zogby-poll-new-biden-and-harris-job-approval-numbers-both-struggling-with-swing-voters-and-their-base,,FALSE,,6826,Kamala Harris,43.3,48.5,8.2
78361,1575,Leger,1783,The Association for Canadian Studies,Leger,572,Leger,B/C,Online,,1/21/22,1/23/22,,,,152277,1000,a,,a,,1/29/22 20:43,,https://projects.fivethirtyeight.com/polls/20220129_US_Leger.pdf,,FALSE,,6826,Kamala Harris,42,56,2
78322,1597,Beacon Research/Shaw & Company,149,FOX News,Beacon Research/Shaw & Company Research,103,Beacon Research/Shaw & Co. Research,A,Live Phone,,1/16/22,1/19/22,,,,152050,1001,rv,,rv,,1/23/22 12:40,,https://www.foxnews.com/politics/fox-news-poll-voters-split-congressional-election,,FALSE,,6826,Kamala Harris,43,54,3
78281,568,YouGov,133,CBS News,YouGov,391,YouGov,B+,Online,,1/12/22,1/14/22,,,,151958,2094,a,,a,,1/20/22 9:23,,https://www.cbsnews.com/news/kamala-harris-approval-tracks-biden-opinion-poll-january-2022/,,FALSE,,6826,Kamala Harris,44,56,0
78272,1562,Redfield & Wilton Strategies,,,Redfield & Wilton Strategies,562,Redfield & Wilton Strategies,B/C,Online,,1/8/22,1/9/22,,,,151774,1500,rv,,rv,,1/13/22 12:21,,https://redfieldandwiltonstrategies.com/joe-biden-administration-approval-ratings-and-hypothetical-voting-intention-8-9-january-2022/,538,FALSE,,6826,Kamala Harris,35,43,23
78170,458,Suffolk,135,USA Today,Suffolk University,323,Suffolk University,A-,Live Phone,,12/27/21,12/30/21,,,,151561,1000,rv,,rv,,1/7/22 9:02,,https://www.usatoday.com/story/news/politics/2022/01/04/gop-midterm-red-flag-bidens-leadership-challenge-usat-suffolk-poll/9078226002/?gnt-cfr=1,538,FALSE,,6826,Kamala Harris,32.3,47.4,20.3
78176,568,YouGov,278,UMass Amherst,YouGov,391,YouGov,B+,Online,,12/14/21,12/20/21,,,,151639,1000,a,,a,,1/11/22 9:37,,https://polsci.umass.edu/toplines-and-crosstabs-december-2021-national-poll-bidens-first-year,538,FALSE,,6826,Kamala Harris,35,53,13
78125,1562,Redfield & Wilton Strategies,,,Redfield & Wilton Strategies,562,Redfield & Wilton Strategies,B/C,Online,,12/18/21,12/18/21,,,,151316,1500,rv,,rv,,12/22/21 12:20,,https://redfieldandwiltonstrategies.com/joe-biden-administration-approval-ratings-and-hypothetical-voting-intention-18-december-2021/,538,FALSE,,6826,Kamala Harris,37,41,23
78114,169,Gallup,,,Gallup,112,Gallup,B+,Live Phone,,12/1/21,12/16/21,,,,151414,811,a,,a,,12/27/21 9:29,,https://news.gallup.com/poll/358373/justice-roberts-tops-federal-leaders-americans-approval.aspx,538,FALSE,,6826,Kamala Harris,44,54,1
78070,1416,HarrisX,960,The Hill,HarrisX,133,Harris Insights & Analytics,B,Online,,12/6/21,12/7/21,,,,151049,926,rv,,rv,,12/14/21 19:42,,https://thehill.com/hilltv/what-americas-thinking/585765-poll-43-percent-approve-of-harris-as-vice-president,538,FALSE,,6826,Kamala Harris,43,50,7
78037,1562,Redfield & Wilton Strategies,,,Redfield & Wilton Strategies,562,Redfield & Wilton Strategies,B/C,Online,,12/5/21,12/5/21,,,,150972,1500,rv,,rv,,12/9/21 13:00,,https://redfieldandwiltonstrategies.com/joe-biden-administration-approval-ratings-and-hypothetical-voting-intention-5-december-2021/,538,FALSE,,6826,Kamala Harris,35,42,24
77985,1575,Leger,"14,361,783",The Canadian Press | The Association for Canadian Studies,Leger,572,Leger,B/C,Online,,12/3/21,12/5/21,,,,150807,1004,a,,a,,12/7/21 9:34,,https://2g2ckk18vixp3neolz4b6605-wpengine.netdna-ssl.com/wp-content/uploads/2021/12/Legers-North-American-Tracker-December-6th-2021.pdf,538,FALSE,,6826,Kamala Harris,41,57,2
77827,1575,Leger,"14,361,783",The Canadian Press | The Association for Canadian Studies,Leger,572,Leger,B/C,Online,,11/19/21,11/21/21,,,,150429,1001,a,,a,,11/23/21 9:20,,https://2g2ckk18vixp3neolz4b6605-wpengine.netdna-ssl.com/wp-content/uploads/2021/11/Legers-North-American-Tracker-November-22nd-2021.pdf,538,FALSE,,6826,Kamala Harris,42,55,3
77890,1416,HarrisX,960,The Hill,HarrisX,133,Harris Insights & Analytics,B,Online,,11/16/21,11/18/21,,,,150545,2787,rv,,rv,,11/29/21 9:15,,https://thehill.com/hilltv/583014-bidens-job-approval-gains-two-points-in-latest-hill-poll,538,FALSE,,6826,Kamala Harris,40,43,0
77770,1597,Beacon Research/Shaw & Company,149,FOX News,Beacon Research/Shaw & Company Research,103,Beacon Research/Shaw & Co. Research,A,Live Phone,,11/14/21,11/17/21,,,,150276,1003,rv,,rv,,11/18/21 21:18,,https://static.foxnews.com/foxnews.com/content/uploads/2021/11/Fox_November-14-17_National_Topline_November-18-Release.pdf,538,FALSE,,6826,Kamala Harris,40,53,7
77744,1562,Redfield & Wilton Strategies,,,Redfield & Wilton Strategies,562,Redfield & Wilton Strategies,B/C,Online,,11/15/21,11/15/21,,,,150175,1500,rv,,rv,,11/18/21 12:11,,https://redfieldandwiltonstrategies.com/joe-biden-administration-approval-ratings-and-hypothetical-voting-intention-15-november-2021/,538,FALSE,,6826,Kamala Harris,34,44,23
77481,1575,Leger,"14,361,783",The Canadian Press | The Association for Canadian Studies,Leger,572,Leger,B/C,Online,,11/5/21,11/7/21,,,,149671,1006,a,,a,,11/9/21 8:56,,https://leger360.com/surveys/legers-north-american-tracker-november-9-2021/,538,FALSE,,6826,Kamala Harris,43,55,2
77474,458,Suffolk,135,USA Today,Suffolk University,323,Suffolk University,A-,Live Phone,,11/3/21,11/5/21,,,,149540,1000,rv,,rv,,11/7/21 13:52,,https://www.usatoday.com/story/news/politics/2021/11/07/biden-approval-falls-38-midterms-loom-usa-today-suffolk-poll/6320098001/,538,FALSE,,6826,Kamala Harris,27.8,51.2,21
77199,1562,Redfield & Wilton Strategies,,,Redfield & Wilton Strategies,562,Redfield & Wilton Strategies,B/C,Online,,10/31/21,10/31/21,,,,148960,1500,rv,,rv,,11/4/21 13:10,,https://redfieldandwiltonstrategies.com/joe-biden-administration-approval-ratings-31-october/,538,FALSE,,6826,Kamala Harris,37,42,21
77037,1575,Leger,"14,361,783",The Canadian Press | The Association for Canadian Studies,Leger,572,Leger,B/C,Online,,10/22/21,10/24/21,,,,146818,1002,a,,a,,10/26/21 8:57,,https://2g2ckk18vixp3neolz4b6605-wpengine.netdna-ssl.com/wp-content/uploads/2021/10/Legers-North-American-Tracker-October-25th-2021.pdf,538,FALSE,,6826,Kamala Harris,42,56,3
77142,1416,HarrisX,960,The Hill,HarrisX,133,Harris Insights & Analytics,B,Online,,10/20/21,10/23/21,,,,149431,2727,rv,,rv,,11/5/21 13:55,,https://thehill.com/hilltv/what-americas-thinking/580291-what-americas-thinking-november-5-2021,538,FALSE,,6826,Kamala Harris,39,45,16
77160,1027,Saint Leo U.,,,Saint Leo University,299,Saint Leo University Polling Institute,C/D,Online,,10/17/21,10/23/21,,,,148900,1000,a,,a,,11/3/21 12:08,data provided by Jo-Ann Johnston,https://polls.saintleo.edu/saint-leo-university-poll-shows-bidens-job-approval-rating-wanes-from-the-early-days/,538,FALSE,,6826,Kamala Harris,47.3,44.9,7.8
76909,1597,Beacon Research/Shaw & Company,149,FOX News,Beacon Research/Shaw & Company Research,103,Beacon Research/Shaw & Co. Research,A,Live Phone,,10/16/21,10/19/21,,,,146627,1003,rv,,rv,,10/20/21 20:38,,https://static.foxnews.com/foxnews.com/content/uploads/2021/10/Fox_October-16-19_National_Topline_October-20-Release.pdf,538,FALSE,,6826,Kamala Harris,45,53,2
76922,1562,Redfield & Wilton Strategies,,,Redfield & Wilton Strategies,562,Redfield & Wilton Strategies,B/C,Online,,10/17/21,10/17/21,,,,146664,1500,rv,,rv,,10/21/21 12:08,,https://redfieldandwiltonstrategies.com/joe-biden-administration-approval-ratings-17-october/,538,FALSE,,6826,Kamala Harris,37,38,25
76755,1575,Leger,"14,361,783",The Canadian Press | The Association for Canadian Studies,Leger,572,Leger,B/C,Online,,10/8/21,10/10/21,,,,146320,1000,a,,a,,10/13/21 9:20,,https://leger360.com/surveys/legers-north-american-tracker-october-13-2021/,538,FALSE,,6826,Kamala Harris,43,55,3
76629,1562,Redfield & Wilton Strategies,,,Redfield & Wilton Strategies,562,Redfield & Wilton Strategies,B/C,Online,,10/5/21,10/5/21,,,,146132,1500,rv,,rv,,10/7/21 12:14,,https://redfieldandwiltonstrategies.com/joe-biden-administration-approval-ratings-5-october/,538,FALSE,,6826,Kamala Harris,39,38,23
76604,1575,Leger,"14,361,783",The Canadian Press | The Association for Canadian Studies,Leger,572,Leger,B/C,Online,,9/24/21,9/26/21,,,,146055,1001,a,,a,,10/3/21 20:33,,https://projects.fivethirtyeight.com/polls/20211003_US_Leger.pdf,538,FALSE,,6826,Kamala Harris,43,54,3
76470,1416,HarrisX,960,The Hill,HarrisX,133,Harris Insights & Analytics,B,Online,,9/24/21,9/25/21,,,,145717,935,rv,,rv,,9/28/21 13:14,,https://thehill.com/hilltv/what-americas-thinking/574297-rising-september-28-2021,538,FALSE,,6826,Kamala Harris,42,41,16
76445,1562,Redfield & Wilton Strategies,,,Redfield & Wilton Strategies,562,Redfield & Wilton Strategies,B/C,Online,,9/19/21,9/20/21,,,,145716,1500,rv,,rv,,9/28/21 13:12,,https://redfieldandwiltonstrategies.com/joe-biden-administration-approval-ratings-19-20-september/,538,FALSE,,6826,Kamala Harris,39,36,26
76409,169,Gallup,,,Gallup,112,Gallup,B+,Live Phone,,9/1/21,9/17/21,,,,145712,527,a,,a,,9/28/21 13:12,half sample,https://news.gallup.com/poll/354872/biden-approval-rating-hits-new-low-harris.aspx,538,FALSE,,6826,Kamala Harris,49,49,2
76120,1575,Leger,"14,361,783",The Canadian Press | The Association for Canadian Studies,Leger,572,Leger,B/C,Online,,9/10/21,9/13/21,,,,145711,1002,a,,a,,9/28/21 13:12,,https://2g2ckk18vixp3neolz4b6605-wpengine.netdna-ssl.com/wp-content/uploads/2021/09/Legers-North-American-Tracker-September-18th-2021.pdf,538,FALSE,,6826,Kamala Harris,45,52,3
75985,1361,SSRS,143,CNN,SSRS,297,SSRS,C+,Live Phone/Online,,8/3/21,9/7/21,,,,145714,2119,a,,a,,9/28/21 13:12,,http://cdn.cnn.com/cnn/2021/images/09/10/rel5a.-.biden.us.economy.pdf,538,FALSE,,6826,Kamala Harris,52,48,0
75985,1361,SSRS,143,CNN,SSRS,297,SSRS,C+,Live Phone/Online,,8/3/21,9/7/21,,,,145715,1838,rv,,rv,,9/28/21 13:12,,http://cdn.cnn.com/cnn/2021/images/09/10/rel5a.-.biden.us.economy.pdf,538,FALSE,,6826,Kamala Harris,50,50,1
75949,1562,Redfield & Wilton Strategies,,,Redfield & Wilton Strategies,562,Redfield & Wilton Strategies,B/C,Online,,9/4/21,9/5/21,,,,145713,1500,rv,,rv,,9/28/21 13:12,,https://redfieldandwiltonstrategies.com/joe-biden-administration-approval-ratings-4-5-september/,538,FALSE,,6826,Kamala Harris,41,34,26
75790,1575,Leger,"14,361,783",The Canadian Press | The Association for Canadian Studies,Leger,572,Leger,B/C,Online,,8/27/21,8/30/21,,,,145710,1004,a,,a,,9/28/21 13:12,,https://2g2ckk18vixp3neolz4b6605-wpengine.netdna-ssl.com/wp-content/uploads/2021/08/Legers-North-American-Tracker-August-30th-2021-compressed.pdf,538,FALSE,,6826,Kamala Harris,44,53,3
75618,568,YouGov,352,Economist,YouGov,391,YouGov,B+,Online,,8/14/21,8/17/21,,,,145708,1500,a,,a,,9/28/21 13:12,,https://docs.cdn.yougov.com/oacaip2ls4/econTabReport.pdf,538,FALSE,,6826,Kamala Harris,39,45,17
75618,568,YouGov,352,Economist,YouGov,391,YouGov,B+,Online,,8/14/21,8/17/21,,,,145709,1250,rv,,rv,,9/28/21 13:12,,https://docs.cdn.yougov.com/oacaip2ls4/econTabReport.pdf,538,FALSE,,6826,Kamala Harris,42,47,11
75560,1575,Leger,"14,361,783",The Canadian Press | The Association for Canadian Studies,Leger,572,Leger,B/C,Online,,8/13/21,8/15/21,,,,145707,1005,a,,a,,9/28/21 13:12,,https://projects.fivethirtyeight.com/polls/20210816_US_Leger.pdf,538,FALSE,,6826,Kamala Harris,49,49,2
76478,1416,HarrisX,960,The Hill,HarrisX,133,Harris Insights & Analytics,B,Online,,8/12/21,8/14/21,,,,145706,1907,rv,,rv,,9/28/21 13:12,,https://thehill.com/hilltv/what-americas-thinking/568175-what-americas-thinking-august-17-2021,538,FALSE,,6826,Kamala Harris,46,42,12
75489,1416,HarrisX,960,The Hill,HarrisX,133,Harris Insights & Analytics,B,Online,,8/4/21,8/5/21,,,,145705,1103,rv,,rv,,9/28/21 13:12,,https://thehill.com/hilltv/what-americas-thinking/567222-poll-55-percent-of-voters-approve-of-biden-as-president-47,538,FALSE,,6826,Kamala Harris,47,43,10
75434,1575,Leger,"14,361,783",The Canadian Press | The Association for Canadian Studies,Leger,572,Leger,B/C,Online,,7/30/21,8/1/21,,,,145704,1001,a,,a,,9/28/21 13:12,,https://2g2ckk18vixp3neolz4b6605-wpengine.netdna-ssl.com/wp-content/uploads/2021/08/Legers-North-American-Tracker-August-2nd-2021_v2.pdf,538,FALSE,,6826,Kamala Harris,49,50,2
75287,1575,Leger,"14,361,783",The Canadian Press | The Association for Canadian Studies,Leger,572,Leger,B/C,Online,,7/16/21,7/18/21,,,,145703,1001,a,,a,,9/28/21 13:12,,https://2g2ckk18vixp3neolz4b6605-wpengine.netdna-ssl.com/wp-content/uploads/2021/07/Legers-North-American-Tracker-July-21st-2021.pdf,538,FALSE,,6826,Kamala Harris,49,48,3
75278,573,Zogby,,,Zogby Analytics,395,Zogby Analytics,B-,Online,,7/5/21,7/6/21,,,,145702,681,lv,,lv,,9/28/21 13:12,,https://zogbyanalytics.com/news/1030-the-zogby-poll-vice-president-kamala-harris-job-approval-may-and-july-2021,538,FALSE,,6826,Kamala Harris,55,40,5
75034,1575,Leger,"14,361,783",The Canadian Press | The Association for Canadian Studies,Leger,572,Leger,B/C,Online,,7/2/21,7/4/21,,,,145701,1003,a,,a,,9/28/21 13:12,,https://2g2ckk18vixp3neolz4b6605-wpengine.netdna-ssl.com/wp-content/uploads/2021/07/Legers-North-American-Tracker-July-5th-2021.pdf,538,FALSE,,6826,Kamala Harris,51,47,3
74983,1597,Beacon Research/Shaw & Company,149,FOX News,Beacon Research/Shaw & Company Research,103,Beacon Research/Shaw & Co. Research,A,Live Phone,,6/19/21,6/22/21,,,,145700,1001,rv,,rv,,9/28/21 13:12,,https://static.foxnews.com/foxnews.com/content/uploads/2021/06/Fox_June-19-22-2021_Complete_National_Topline_June-30-Release.pdf,538,FALSE,,6826,Kamala Harris,50,47,3
74976,1575,Leger,"14,361,783",The Canadian Press | The Association for Canadian Studies,Leger,572,Leger,B/C,Online,,6/18/21,6/20/21,,,,145699,1001,a,,a,,9/28/21 13:12,,https://2g2ckk18vixp3neolz4b6605-wpengine.netdna-ssl.com/wp-content/uploads/2021/06/Legers-North-American-Tracker-June-21st-2021.pdf,538,FALSE,,6826,Kamala Harris,44,43,13
74895,1575,Leger,"14,361,783",The Canadian Press | The Association for Canadian Studies,Leger,572,Leger,B/C,Online,,6/4/21,6/6/21,,,,145698,1004,a,,a,,9/28/21 13:12,,https://2g2ckk18vixp3neolz4b6605-wpengine.netdna-ssl.com/wp-content/uploads/2021/06/Legers-North-American-Tracker-June-7th-2021_v3.pdf,538,FALSE,,6826,Kamala Harris,45,40,15
75277,573,Zogby,,,Zogby Analytics,395,Zogby Analytics,B-,Online,,5/26/21,5/27/21,,,,145697,868,lv,,lv,,9/28/21 13:12,,https://zogbyanalytics.com/news/1030-the-zogby-poll-vice-president-kamala-harris-job-approval-may-and-july-2021,538,FALSE,,6826,Kamala Harris,55,40,5
74850,1575,Leger,"14,361,783",The Canadian Press | The Association for Canadian Studies,Leger,572,Leger,B/C,Online,,5/21/21,5/23/21,,,,145696,1002,a,,a,,9/28/21 13:12,,https://2g2ckk18vixp3neolz4b6605-wpengine.netdna-ssl.com/wp-content/uploads/2021/05/Legers-North-American-Tracker-May-25th-2021_v2.pdf,538,FALSE,,6826,Kamala Harris,47,39,14
74805,1562,Redfield & Wilton Strategies,,,Redfield & Wilton Strategies,562,Redfield & Wilton Strategies,B/C,Online,,5/8/21,5/9/21,,,,145695,1500,rv,,rv,,9/28/21 13:12,,https://redfieldandwiltonstrategies.com/bidens-approval-rating-remains-high-whereas-pluralities-disapprove-of-all-congressional-leaders/,538,FALSE,,6826,Kamala Harris,49,36,14
74784,1575,Leger,"14,361,783",The Canadian Press | The Association for Canadian Studies,Leger,572,Leger,B/C,Online,,5/7/21,5/9/21,,,,145694,1003,a,,a,,9/28/21 13:12,,https://2g2ckk18vixp3neolz4b6605-wpengine.netdna-ssl.com/wp-content/uploads/2021/05/Legers-North-American-Tracker-May-10th-2021.pdf,538,FALSE,,6826,Kamala Harris,47,39,14
74729,568,YouGov,352,Economist,YouGov,391,YouGov,B+,Online,,4/25/21,4/27/21,,,,145692,1500,a,,a,,9/28/21 13:12,,https://docs.cdn.yougov.com/40cminy7fl/econTabReport.pdf,538,FALSE,,6826,Kamala Harris,43,37,19
74729,568,YouGov,352,Economist,YouGov,391,YouGov,B+,Online,,4/25/21,4/27/21,,,,145693,1219,rv,,rv,,9/28/21 13:12,,https://docs.cdn.yougov.com/40cminy7fl/econTabReport.pdf,538,FALSE,,6826,Kamala Harris,47,39,13
74726,1361,SSRS,143,CNN,SSRS,297,SSRS,C+,Live Phone,,4/21/21,4/26/21,,,,145691,1004,a,,a,,9/28/21 12:47,,http://cdn.cnn.com/cnn/2021/images/04/28/rel3bbiden100days.pdf,538,FALSE,,6826,Kamala Harris,53,38,10
74712,1575,Leger,"14,361,783",The Canadian Press | The Association for Canadian Studies,Leger,572,Leger,B/C,Online,,4/23/21,4/25/21,,,,145690,1003,a,,a,,9/28/21 12:44,,https://2g2ckk18vixp3neolz4b6605-wpengine.netdna-ssl.com/wp-content/uploads/2021/04/Legers-North-American-Tracker-April-26th-2021-compressed.pdf,538,FALSE,,6826,Kamala Harris,47,39,15
74408,1027,Saint Leo U.,,,Saint Leo University,299,Saint Leo University Polling Institute,C/D,Online,,2/7/21,2/14/21,,,,145668,1000,a,,a,,9/27/21 14:04,,https://polls.saintleo.edu/new-saint-leo-polling-survey-shows-six-out-of-10-americans-like-bidens-job-performance-so-far/,538,FALSE,,6826,Kamala Harris,55.2,31.7,0